RECORDID,RESULT
20EST-000028,Couldn't link public user. Not a reference contact either
2020-010273STR,Couldn't link public user. Not a reference contact either
2020-010274STR,Couldn't link public user. Not a reference contact either
2020-011400STR,Couldn't link public user. Not a reference contact either
2021-000093STR,Couldn't link public user. Not a reference contact either
2021-000094STR,Couldn't link public user. Not a reference contact either
2021-000095STR,Couldn't link public user. Not a reference contact either
2021-000096STR,Couldn't link public user. Not a reference contact either
2021-000097STR,Couldn't link public user. Not a reference contact either
2021-000098STR,Couldn't link public user. Not a reference contact either
2021-000099STR,Couldn't link public user. Not a reference contact either
2021-000100STR,Couldn't link public user. Not a reference contact either
2021-000101STR,Couldn't link public user. Not a reference contact either
2021-000102STR,Couldn't link public user. Not a reference contact either
2021-000103STR,Couldn't link public user. Not a reference contact either
2021-000104STR,Couldn't link public user. Not a reference contact either
2021-000105STR,Couldn't link public user. Not a reference contact either
2021-000106STR,Couldn't link public user. Not a reference contact either
2021-000107STR,Couldn't link public user. Not a reference contact either
2021-000108STR,Couldn't link public user. Not a reference contact either
2021-000109STR,Couldn't link public user. Not a reference contact either
2021-000110STR,Couldn't link public user. Not a reference contact either
2021-000111STR,Couldn't link public user. Not a reference contact either
2021-000112STR,Couldn't link public user. Not a reference contact either
2021-000113STR,Couldn't link public user. Not a reference contact either
2021-000114STR,Couldn't link public user. Not a reference contact either
2021-000115STR,Couldn't link public user. Not a reference contact either
2021-000116STR,Couldn't link public user. Not a reference contact either
2021-000117STR,Couldn't link public user. Not a reference contact either
2021-000118STR,Couldn't link public user. Not a reference contact either
2021-000119STR,Couldn't link public user. Not a reference contact either
2021-000120STR,Couldn't link public user. Not a reference contact either
2021-000121STR,Couldn't link public user. Not a reference contact either
2021-000122STR,Couldn't link public user. Not a reference contact either
2021-000123STR,Couldn't link public user. Not a reference contact either
2021-000124STR,Couldn't link public user. Not a reference contact either
2021-000126STR,Couldn't link public user. Not a reference contact either
2021-000127STR,Couldn't link public user. Not a reference contact either
2021-000128STR,Couldn't link public user. Not a reference contact either
2021-000129STR,Couldn't link public user. Not a reference contact either
2021-000130STR,Couldn't link public user. Not a reference contact either
2021-000131STR,Couldn't link public user. Not a reference contact either
2021-000132STR,Couldn't link public user. Not a reference contact either
2021-000133STR,Couldn't link public user. Not a reference contact either
2021-000134STR,Couldn't link public user. Not a reference contact either
2021-000135STR,Couldn't link public user. Not a reference contact either
2021-000136STR,Couldn't link public user. Not a reference contact either
2021-000137STR,Couldn't link public user. Not a reference contact either
2021-000138STR,Couldn't link public user. Not a reference contact either
2021-000139STR,Couldn't link public user. Not a reference contact either
2021-000140STR,Couldn't link public user. Not a reference contact either
2021-000141STR,Couldn't link public user. Not a reference contact either
2021-000142STR,Couldn't link public user. Not a reference contact either
2021-000143STR,Couldn't link public user. Not a reference contact either
2021-000144STR,Couldn't link public user. Not a reference contact either
2021-000145STR,Couldn't link public user. Not a reference contact either
2021-000146STR,Couldn't link public user. Not a reference contact either
2021-000147STR,Couldn't link public user. Not a reference contact either
2021-000148STR,Couldn't link public user. Not a reference contact either
2021-000149STR,Couldn't link public user. Not a reference contact either
2021-000150STR,Couldn't link public user. Not a reference contact either
2021-000151STR,Couldn't link public user. Not a reference contact either
2021-000152STR,Couldn't link public user. Not a reference contact either
2021-000153STR,Couldn't link public user. Not a reference contact either
2021-000154STR,Couldn't link public user. Not a reference contact either
2021-000155STR,Couldn't link public user. Not a reference contact either
2021-000156STR,Couldn't link public user. Not a reference contact either
2021-000157STR,Couldn't link public user. Not a reference contact either
2021-000158STR,Couldn't link public user. Not a reference contact either
2021-000159STR,Couldn't link public user. Not a reference contact either
2021-000160STR,Couldn't link public user. Not a reference contact either
2021-000162STR,Couldn't link public user. Not a reference contact either
2021-000008STR,Couldn't link public user. Not a reference contact either
2021-000009STR,Couldn't link public user. Not a reference contact either
2021-000010STR,Couldn't link public user. Not a reference contact either
2021-000011STR,Couldn't link public user. Not a reference contact either
2021-000014STR,Couldn't link public user. Not a reference contact either
2021-000015STR,Couldn't link public user. Not a reference contact either
2021-000016STR,Couldn't link public user. Not a reference contact either
2021-000017STR,Couldn't link public user. Not a reference contact either
2021-000018STR,Couldn't link public user. Not a reference contact either
2021-000019STR,Couldn't link public user. Not a reference contact either
2021-000020STR,Couldn't link public user. Not a reference contact either
2021-000021STR,Couldn't link public user. Not a reference contact either
2021-000023STR,Couldn't link public user. Not a reference contact either
2021-000024STR,Couldn't link public user. Not a reference contact either
2021-000025STR,Couldn't link public user. Not a reference contact either
2021-000026STR,Couldn't link public user. Not a reference contact either
2021-000027STR,Couldn't link public user. Not a reference contact either
2021-000028STR,Couldn't link public user. Not a reference contact either
2021-000092STR,Couldn't link public user. Not a reference contact either
2021-000029STR,Couldn't link public user. Not a reference contact either
2021-000030STR,Couldn't link public user. Not a reference contact either
2021-000031STR,Couldn't link public user. Not a reference contact either
2021-000032STR,Couldn't link public user. Not a reference contact either
2021-000033STR,Couldn't link public user. Not a reference contact either
2021-000034STR,Couldn't link public user. Not a reference contact either
2021-000035STR,Couldn't link public user. Not a reference contact either
2021-000036STR,Couldn't link public user. Not a reference contact either
2021-000037STR,Couldn't link public user. Not a reference contact either
2021-000038STR,Couldn't link public user. Not a reference contact either
2021-000039STR,Couldn't link public user. Not a reference contact either
2021-000040STR,Couldn't link public user. Not a reference contact either
2021-000041STR,Couldn't link public user. Not a reference contact either
2021-000042STR,Couldn't link public user. Not a reference contact either
2021-000043STR,Couldn't link public user. Not a reference contact either
2021-000044STR,Couldn't link public user. Not a reference contact either
2021-000045STR,Couldn't link public user. Not a reference contact either
2021-000046STR,Couldn't link public user. Not a reference contact either
2021-000047STR,Couldn't link public user. Not a reference contact either
2021-000048STR,Couldn't link public user. Not a reference contact either
2021-000049STR,Couldn't link public user. Not a reference contact either
2021-000050STR,Couldn't link public user. Not a reference contact either
2021-000051STR,Couldn't link public user. Not a reference contact either
2021-000052STR,Couldn't link public user. Not a reference contact either
2021-000053STR,Couldn't link public user. Not a reference contact either
2021-000054STR,Couldn't link public user. Not a reference contact either
2021-000055STR,Couldn't link public user. Not a reference contact either
2021-000056STR,Couldn't link public user. Not a reference contact either
2021-000057STR,Couldn't link public user. Not a reference contact either
2021-000058STR,Couldn't link public user. Not a reference contact either
2021-000059STR,Couldn't link public user. Not a reference contact either
2021-000060STR,Couldn't link public user. Not a reference contact either
2021-000061STR,Couldn't link public user. Not a reference contact either
2021-000062STR,Couldn't link public user. Not a reference contact either
2021-000063STR,Couldn't link public user. Not a reference contact either
2021-000064STR,Couldn't link public user. Not a reference contact either
2021-000065STR,Couldn't link public user. Not a reference contact either
2021-000066STR,Couldn't link public user. Not a reference contact either
2021-000067STR,Couldn't link public user. Not a reference contact either
2021-000068STR,Couldn't link public user. Not a reference contact either
2021-000069STR,Couldn't link public user. Not a reference contact either
2021-000070STR,Couldn't link public user. Not a reference contact either
2021-000071STR,Couldn't link public user. Not a reference contact either
2021-000073STR,Couldn't link public user. Not a reference contact either
2021-000074STR,Couldn't link public user. Not a reference contact either
2021-000075STR,Couldn't link public user. Not a reference contact either
2021-000076STR,Couldn't link public user. Not a reference contact either
2021-000077STR,Couldn't link public user. Not a reference contact either
2021-000078STR,Couldn't link public user. Not a reference contact either
2021-000079STR,Couldn't link public user. Not a reference contact either
2021-000080STR,Couldn't link public user. Not a reference contact either
2021-000081STR,Couldn't link public user. Not a reference contact either
2021-000082STR,Couldn't link public user. Not a reference contact either
2021-000083STR,Couldn't link public user. Not a reference contact either
2021-000084STR,Couldn't link public user. Not a reference contact either
2021-000085STR,Couldn't link public user. Not a reference contact either
2021-000086STR,Couldn't link public user. Not a reference contact either
2021-000087STR,Couldn't link public user. Not a reference contact either
2021-000088STR,Couldn't link public user. Not a reference contact either
2021-000089STR,Couldn't link public user. Not a reference contact either
2021-000090STR,Couldn't link public user. Not a reference contact either
2021-000091STR,Couldn't link public user. Not a reference contact either
2021-000125STR,Couldn't link public user. Not a reference contact either
2019-017721STR,Couldn't link public user. Not a reference contact either
2019-023008STR,Couldn't link public user. Not a reference contact either
2019-020333STR,Couldn't link public user. Not a reference contact either
2019-020398STR,Couldn't link public user. Not a reference contact either
2019-018144STR,Couldn't link public user. Not a reference contact either
2021-000161STR,linkPublicUserToContact: Found an existing public user: KenHendSF
2021-000163STR,linkPublicUserToContact: Found an existing public user: CleberDeAlencar
2021-000164STR,linkPublicUserToContact: Found an existing public user: gurinderkalra2000@gmail.com
2021-000165STR,linkPublicUserToContact: Found an existing public user: LeonGarciaC
2021-000166STR,linkPublicUserToContact: Found an existing public user: Andie151124thave
2021-000167STR,linkPublicUserToContact: Found an existing public user: wangguanying
2021-000012STR,linkPublicUserToContact: Found an existing public user: asyd52@gmail.com
2021-000013STR,linkPublicUserToContact: Found an existing public user: asyd52@gmail.com
2021-000022STR,linkPublicUserToContact: Found an existing public user: marycho7
2021-000072STR,linkPublicUserToContact: Found an existing public user: jevans7799
2019-021955STR,linkPublicUserToContact: Found an existing public user: RJL294
