UPDATE PUSER_PROFILE SET PROFILE_VALUE = 245.2476 WHERE SERV_PROV_CODE = 'CCSF' AND USER_NAME='TDISANTO' AND PROFILE_SEQ_NBR IN (5, 12);
UPDATE PUSER_PROFILE SET PROFILE_VALUE = 241.898 WHERE SERV_PROV_CODE = 'CCSF' AND USER_NAME='LMGIBSON' AND PROFILE_SEQ_NBR IN (5, 12);
UPDATE PUSER_PROFILE SET PROFILE_VALUE = 241.898 WHERE SERV_PROV_CODE = 'CCSF' AND USER_NAME='ARODGERS' AND PROFILE_SEQ_NBR IN (5, 12);
UPDATE PUSER_PROFILE SET PROFILE_VALUE = 241.898 WHERE SERV_PROV_CODE = 'CCSF' AND USER_NAME='DSIDER' AND PROFILE_SEQ_NBR IN (5, 12);
UPDATE PUSER_PROFILE SET PROFILE_VALUE = 241.898 WHERE SERV_PROV_CODE = 'CCSF' AND USER_NAME='JJOSLIN' AND PROFILE_SEQ_NBR IN (5, 12);
UPDATE PUSER_PROFILE SET PROFILE_VALUE = 228.1204 WHERE SERV_PROV_CODE = 'CCSF' AND USER_NAME='DJOHNSON' AND PROFILE_SEQ_NBR IN (5, 12);
UPDATE PUSER_PROFILE SET PROFILE_VALUE = 217.3132 WHERE SERV_PROV_CODE = 'CCSF' AND USER_NAME='CTEAGUE' AND PROFILE_SEQ_NBR IN (5, 12);
UPDATE PUSER_PROFILE SET PROFILE_VALUE = 216.2388 WHERE SERV_PROV_CODE = 'CCSF' AND USER_NAME='EWATTY' AND PROFILE_SEQ_NBR IN (5, 12);
UPDATE PUSER_PROFILE SET PROFILE_VALUE = 212.1308 WHERE SERV_PROV_CODE = 'CCSF' AND USER_NAME='MCHION' AND PROFILE_SEQ_NBR IN (5, 12);
UPDATE PUSER_PROFILE SET PROFILE_VALUE = 212.1308 WHERE SERV_PROV_CODE = 'CCSF' AND USER_NAME='JSWITZKY' AND PROFILE_SEQ_NBR IN (5, 12);
UPDATE PUSER_PROFILE SET PROFILE_VALUE = 203.504 WHERE SERV_PROV_CODE = 'CCSF' AND USER_NAME='IVULIS' AND PROFILE_SEQ_NBR IN (5, 12);
UPDATE PUSER_PROFILE SET PROFILE_VALUE = 200.3124 WHERE SERV_PROV_CODE = 'CCSF' AND USER_NAME='JIONIN' AND PROFILE_SEQ_NBR IN (5, 12);
UPDATE PUSER_PROFILE SET PROFILE_VALUE = 198.7324 WHERE SERV_PROV_CODE = 'CCSF' AND USER_NAME='DLANDIS' AND PROFILE_SEQ_NBR IN (5, 12);
UPDATE PUSER_PROFILE SET PROFILE_VALUE = 198.606 WHERE SERV_PROV_CODE = 'CCSF' AND USER_NAME='MSANDERS' AND PROFILE_SEQ_NBR IN (5, 12);
UPDATE PUSER_PROFILE SET PROFILE_VALUE = 195.0352 WHERE SERV_PROV_CODE = 'CCSF' AND USER_NAME='AVARAT' AND PROFILE_SEQ_NBR IN (5, 12);
UPDATE PUSER_PROFILE SET PROFILE_VALUE = 195.0352 WHERE SERV_PROV_CODE = 'CCSF' AND USER_NAME='DJAIN' AND PROFILE_SEQ_NBR IN (5, 12);
UPDATE PUSER_PROFILE SET PROFILE_VALUE = 187.0404 WHERE SERV_PROV_CODE = 'CCSF' AND USER_NAME='KGUY' AND PROFILE_SEQ_NBR IN (5, 12);
UPDATE PUSER_PROFILE SET PROFILE_VALUE = 186.3452 WHERE SERV_PROV_CODE = 'CCSF' AND USER_NAME='AHARVEY' AND PROFILE_SEQ_NBR IN (5, 12);
UPDATE PUSER_PROFILE SET PROFILE_VALUE = 184.6072 WHERE SERV_PROV_CODE = 'CCSF' AND USER_NAME='ACHINN' AND PROFILE_SEQ_NBR IN (5, 12);
UPDATE PUSER_PROFILE SET PROFILE_VALUE = 180.0884 WHERE SERV_PROV_CODE = 'CCSF' AND USER_NAME='MLITTLEF' AND PROFILE_SEQ_NBR IN (5, 12);
UPDATE PUSER_PROFILE SET PROFILE_VALUE = 178.7612 WHERE SERV_PROV_CODE = 'CCSF' AND USER_NAME='SMEXLINE' AND PROFILE_SEQ_NBR IN (5, 12);
UPDATE PUSER_PROFILE SET PROFILE_VALUE = 178.7612 WHERE SERV_PROV_CODE = 'CCSF' AND USER_NAME='GCABRERO' AND PROFILE_SEQ_NBR IN (5, 12);
UPDATE PUSER_PROFILE SET PROFILE_VALUE = 178.7612 WHERE SERV_PROV_CODE = 'CCSF' AND USER_NAME='KCONNER' AND PROFILE_SEQ_NBR IN (5, 12);
UPDATE PUSER_PROFILE SET PROFILE_VALUE = 178.7612 WHERE SERV_PROV_CODE = 'CCSF' AND USER_NAME='JBANALES' AND PROFILE_SEQ_NBR IN (5, 12);
UPDATE PUSER_PROFILE SET PROFILE_VALUE = 178.7612 WHERE SERV_PROV_CODE = 'CCSF' AND USER_NAME='RCOOPER' AND PROFILE_SEQ_NBR IN (5, 12);
UPDATE PUSER_PROFILE SET PROFILE_VALUE = 178.7612 WHERE SERV_PROV_CODE = 'CCSF' AND USER_NAME='MPUTRA' AND PROFILE_SEQ_NBR IN (5, 12);
UPDATE PUSER_PROFILE SET PROFILE_VALUE = 178.7612 WHERE SERV_PROV_CODE = 'CCSF' AND USER_NAME='JNAVARRE' AND PROFILE_SEQ_NBR IN (5, 12);
UPDATE PUSER_PROFILE SET PROFILE_VALUE = 178.7612 WHERE SERV_PROV_CODE = 'CCSF' AND USER_NAME='ASTARR' AND PROFILE_SEQ_NBR IN (5, 12);
UPDATE PUSER_PROFILE SET PROFILE_VALUE = 178.7612 WHERE SERV_PROV_CODE = 'CCSF' AND USER_NAME='DWASHING' AND PROFILE_SEQ_NBR IN (5, 12);
UPDATE PUSER_PROFILE SET PROFILE_VALUE = 178.7612 WHERE SERV_PROV_CODE = 'CCSF' AND USER_NAME='TTAM' AND PROFILE_SEQ_NBR IN (5, 12);
UPDATE PUSER_PROFILE SET PROFILE_VALUE = 178.7612 WHERE SERV_PROV_CODE = 'CCSF' AND USER_NAME='SSANCHEZ' AND PROFILE_SEQ_NBR IN (5, 12);
UPDATE PUSER_PROFILE SET PROFILE_VALUE = 178.7612 WHERE SERV_PROV_CODE = 'CCSF' AND USER_NAME='CFLORESS' AND PROFILE_SEQ_NBR IN (5, 12);
UPDATE PUSER_PROFILE SET PROFILE_VALUE = 178.7612 WHERE SERV_PROV_CODE = 'CCSF' AND USER_NAME='DDWYER' AND PROFILE_SEQ_NBR IN (5, 12);
UPDATE PUSER_PROFILE SET PROFILE_VALUE = 178.7612 WHERE SERV_PROV_CODE = 'CCSF' AND USER_NAME='CKERN' AND PROFILE_SEQ_NBR IN (5, 12);
UPDATE PUSER_PROFILE SET PROFILE_VALUE = 178.7612 WHERE SERV_PROV_CODE = 'CCSF' AND USER_NAME='JRANGE' AND PROFILE_SEQ_NBR IN (5, 12);
UPDATE PUSER_PROFILE SET PROFILE_VALUE = 178.7612 WHERE SERV_PROV_CODE = 'CCSF' AND USER_NAME='LLANGLOI' AND PROFILE_SEQ_NBR IN (5, 12);
UPDATE PUSER_PROFILE SET PROFILE_VALUE = 178.7612 WHERE SERV_PROV_CODE = 'CCSF' AND USER_NAME='CFORDHAM' AND PROFILE_SEQ_NBR IN (5, 12);
UPDATE PUSER_PROFILE SET PROFILE_VALUE = 178.7612 WHERE SERV_PROV_CODE = 'CCSF' AND USER_NAME='RSUCRE' AND PROFILE_SEQ_NBR IN (5, 12);
UPDATE PUSER_PROFILE SET PROFILE_VALUE = 178.7612 WHERE SERV_PROV_CODE = 'CCSF' AND USER_NAME='DWINSLOW' AND PROFILE_SEQ_NBR IN (5, 12);
UPDATE PUSER_PROFILE SET PROFILE_VALUE = 178.7612 WHERE SERV_PROV_CODE = 'CCSF' AND USER_NAME='WWIETGRE' AND PROFILE_SEQ_NBR IN (5, 12);
UPDATE PUSER_PROFILE SET PROFILE_VALUE = 178.7612 WHERE SERV_PROV_CODE = 'CCSF' AND USER_NAME='AVANDERS' AND PROFILE_SEQ_NBR IN (5, 12);
UPDATE PUSER_PROFILE SET PROFILE_VALUE = 178.7612 WHERE SERV_PROV_CODE = 'CCSF' AND USER_NAME='TSHEYNER' AND PROFILE_SEQ_NBR IN (5, 12);
UPDATE PUSER_PROFILE SET PROFILE_VALUE = 178.7612 WHERE SERV_PROV_CODE = 'CCSF' AND USER_NAME='MBOUDREA' AND PROFILE_SEQ_NBR IN (5, 12);
UPDATE PUSER_PROFILE SET PROFILE_VALUE = 178.7612 WHERE SERV_PROV_CODE = 'CCSF' AND USER_NAME='MSMALL' AND PROFILE_SEQ_NBR IN (5, 12);
UPDATE PUSER_PROFILE SET PROFILE_VALUE = 170.2292 WHERE SERV_PROV_CODE = 'CCSF' AND USER_NAME='NPERRY' AND PROFILE_SEQ_NBR IN (5, 12);
UPDATE PUSER_PROFILE SET PROFILE_VALUE = 170.2292 WHERE SERV_PROV_CODE = 'CCSF' AND USER_NAME='CASBAGH' AND PROFILE_SEQ_NBR IN (5, 12);
UPDATE PUSER_PROFILE SET PROFILE_VALUE = 167.7644 WHERE SERV_PROV_CODE = 'CCSF' AND USER_NAME='ALYONS' AND PROFILE_SEQ_NBR IN (5, 12);
UPDATE PUSER_PROFILE SET PROFILE_VALUE = 162.2028 WHERE SERV_PROV_CODE = 'CCSF' AND USER_NAME='CLAMOREN' AND PROFILE_SEQ_NBR IN (5, 12);
UPDATE PUSER_PROFILE SET PROFILE_VALUE = 162.2028 WHERE SERV_PROV_CODE = 'CCSF' AND USER_NAME='EGORDON' AND PROFILE_SEQ_NBR IN (5, 12);
UPDATE PUSER_PROFILE SET PROFILE_VALUE = 161.7288 WHERE SERV_PROV_CODE = 'CCSF' AND USER_NAME='LCHEN' AND PROFILE_SEQ_NBR IN (5, 12);
UPDATE PUSER_PROFILE SET PROFILE_VALUE = 161.7288 WHERE SERV_PROV_CODE = 'CCSF' AND USER_NAME='ANELSON' AND PROFILE_SEQ_NBR IN (5, 12);
UPDATE PUSER_PROFILE SET PROFILE_VALUE = 159.4536 WHERE SERV_PROV_CODE = 'CCSF' AND USER_NAME='MWYNNE' AND PROFILE_SEQ_NBR IN (5, 12);
UPDATE PUSER_PROFILE SET PROFILE_VALUE = 159.4536 WHERE SERV_PROV_CODE = 'CCSF' AND USER_NAME='JSPEER' AND PROFILE_SEQ_NBR IN (5, 12);
UPDATE PUSER_PROFILE SET PROFILE_VALUE = 156.6728 WHERE SERV_PROV_CODE = 'CCSF' AND USER_NAME='GSIMI' AND PROFILE_SEQ_NBR IN (5, 12);
UPDATE PUSER_PROFILE SET PROFILE_VALUE = 154.4292 WHERE SERV_PROV_CODE = 'CCSF' AND USER_NAME='LHWANG' AND PROFILE_SEQ_NBR IN (5, 12);
UPDATE PUSER_PROFILE SET PROFILE_VALUE = 154.4292 WHERE SERV_PROV_CODE = 'CCSF' AND USER_NAME='GYOSHIKA' AND PROFILE_SEQ_NBR IN (5, 12);
UPDATE PUSER_PROFILE SET PROFILE_VALUE = 152.1856 WHERE SERV_PROV_CODE = 'CCSF' AND USER_NAME='MENG' AND PROFILE_SEQ_NBR IN (5, 12);
UPDATE PUSER_PROFILE SET PROFILE_VALUE = 150.7952 WHERE SERV_PROV_CODE = 'CCSF' AND USER_NAME='MCORRETT' AND PROFILE_SEQ_NBR IN (5, 12);
UPDATE PUSER_PROFILE SET PROFILE_VALUE = 150.7952 WHERE SERV_PROV_CODE = 'CCSF' AND USER_NAME='FJONES' AND PROFILE_SEQ_NBR IN (5, 12);
UPDATE PUSER_PROFILE SET PROFILE_VALUE = 150.7952 WHERE SERV_PROV_CODE = 'CCSF' AND USER_NAME='MLI' AND PROFILE_SEQ_NBR IN (5, 12);
UPDATE PUSER_PROFILE SET PROFILE_VALUE = 150.7952 WHERE SERV_PROV_CODE = 'CCSF' AND USER_NAME='KDURANDE' AND PROFILE_SEQ_NBR IN (5, 12);
UPDATE PUSER_PROFILE SET PROFILE_VALUE = 150.7952 WHERE SERV_PROV_CODE = 'CCSF' AND USER_NAME='EJACKSON' AND PROFILE_SEQ_NBR IN (5, 12);
UPDATE PUSER_PROFILE SET PROFILE_VALUE = 150.7952 WHERE SERV_PROV_CODE = 'CCSF' AND USER_NAME='EOROPEZA' AND PROFILE_SEQ_NBR IN (5, 12);
UPDATE PUSER_PROFILE SET PROFILE_VALUE = 150.7952 WHERE SERV_PROV_CODE = 'CCSF' AND USER_NAME='MSNYDER' AND PROFILE_SEQ_NBR IN (5, 12);
UPDATE PUSER_PROFILE SET PROFILE_VALUE = 150.7952 WHERE SERV_PROV_CODE = 'CCSF' AND USER_NAME='MWOODS' AND PROFILE_SEQ_NBR IN (5, 12);
UPDATE PUSER_PROFILE SET PROFILE_VALUE = 150.7952 WHERE SERV_PROV_CODE = 'CCSF' AND USER_NAME='RRACHNA' AND PROFILE_SEQ_NBR IN (5, 12);
UPDATE PUSER_PROFILE SET PROFILE_VALUE = 150.7952 WHERE SERV_PROV_CODE = 'CCSF' AND USER_NAME='APUTRA' AND PROFILE_SEQ_NBR IN (5, 12);
UPDATE PUSER_PROFILE SET PROFILE_VALUE = 150.7952 WHERE SERV_PROV_CODE = 'CCSF' AND USER_NAME='SPERDUE' AND PROFILE_SEQ_NBR IN (5, 12);
UPDATE PUSER_PROFILE SET PROFILE_VALUE = 150.7952 WHERE SERV_PROV_CODE = 'CCSF' AND USER_NAME='DLEWIS' AND PROFILE_SEQ_NBR IN (5, 12);
UPDATE PUSER_PROFILE SET PROFILE_VALUE = 150.7952 WHERE SERV_PROV_CODE = 'CCSF' AND USER_NAME='ABENPAZI' AND PROFILE_SEQ_NBR IN (5, 12);
UPDATE PUSER_PROFILE SET PROFILE_VALUE = 150.7952 WHERE SERV_PROV_CODE = 'CCSF' AND USER_NAME='DSANCHEZ' AND PROFILE_SEQ_NBR IN (5, 12);
UPDATE PUSER_PROFILE SET PROFILE_VALUE = 150.7952 WHERE SERV_PROV_CODE = 'CCSF' AND USER_NAME='MLAVALLE' AND PROFILE_SEQ_NBR IN (5, 12);
UPDATE PUSER_PROFILE SET PROFILE_VALUE = 150.7952 WHERE SERV_PROV_CODE = 'CCSF' AND USER_NAME='ISALVADO' AND PROFILE_SEQ_NBR IN (5, 12);
UPDATE PUSER_PROFILE SET PROFILE_VALUE = 150.7952 WHERE SERV_PROV_CODE = 'CCSF' AND USER_NAME='JPOLING' AND PROFILE_SEQ_NBR IN (5, 12);
UPDATE PUSER_PROFILE SET PROFILE_VALUE = 150.7952 WHERE SERV_PROV_CODE = 'CCSF' AND USER_NAME='KBOTN' AND PROFILE_SEQ_NBR IN (5, 12);
UPDATE PUSER_PROFILE SET PROFILE_VALUE = 150.7952 WHERE SERV_PROV_CODE = 'CCSF' AND USER_NAME='SNICKOLO' AND PROFILE_SEQ_NBR IN (5, 12);
UPDATE PUSER_PROFILE SET PROFILE_VALUE = 150.7952 WHERE SERV_PROV_CODE = 'CCSF' AND USER_NAME='KHADDADA' AND PROFILE_SEQ_NBR IN (5, 12);
UPDATE PUSER_PROFILE SET PROFILE_VALUE = 150.7952 WHERE SERV_PROV_CODE = 'CCSF' AND USER_NAME='PCHASAN' AND PROFILE_SEQ_NBR IN (5, 12);
UPDATE PUSER_PROFILE SET PROFILE_VALUE = 150.7952 WHERE SERV_PROV_CODE = 'CCSF' AND USER_NAME='RSCHUETT' AND PROFILE_SEQ_NBR IN (5, 12);
UPDATE PUSER_PROFILE SET PROFILE_VALUE = 150.7952 WHERE SERV_PROV_CODE = 'CCSF' AND USER_NAME='PIKEZOE' AND PROFILE_SEQ_NBR IN (5, 12);
UPDATE PUSER_PROFILE SET PROFILE_VALUE = 150.7952 WHERE SERV_PROV_CODE = 'CCSF' AND USER_NAME='HKLINE' AND PROFILE_SEQ_NBR IN (5, 12);
UPDATE PUSER_PROFILE SET PROFILE_VALUE = 150.7952 WHERE SERV_PROV_CODE = 'CCSF' AND USER_NAME='SMORGAN' AND PROFILE_SEQ_NBR IN (5, 12);
UPDATE PUSER_PROFILE SET PROFILE_VALUE = 150.7952 WHERE SERV_PROV_CODE = 'CCSF' AND USER_NAME='SEDMONDS' AND PROFILE_SEQ_NBR IN (5, 12);
UPDATE PUSER_PROFILE SET PROFILE_VALUE = 150.7952 WHERE SERV_PROV_CODE = 'CCSF' AND USER_NAME='JLOOK' AND PROFILE_SEQ_NBR IN (5, 12);
UPDATE PUSER_PROFILE SET PROFILE_VALUE = 150.7952 WHERE SERV_PROV_CODE = 'CCSF' AND USER_NAME='SPARKS' AND PROFILE_SEQ_NBR IN (5, 12);
UPDATE PUSER_PROFILE SET PROFILE_VALUE = 150.7952 WHERE SERV_PROV_CODE = 'CCSF' AND USER_NAME='LLYNCH' AND PROFILE_SEQ_NBR IN (5, 12);
UPDATE PUSER_PROFILE SET PROFILE_VALUE = 150.7952 WHERE SERV_PROV_CODE = 'CCSF' AND USER_NAME='EPURL' AND PROFILE_SEQ_NBR IN (5, 12);
UPDATE PUSER_PROFILE SET PROFILE_VALUE = 150.7952 WHERE SERV_PROV_CODE = 'CCSF' AND USER_NAME='KWONG' AND PROFILE_SEQ_NBR IN (5, 12);
UPDATE PUSER_PROFILE SET PROFILE_VALUE = 150.7952 WHERE SERV_PROV_CODE = 'CCSF' AND USER_NAME='AKIRBY' AND PROFILE_SEQ_NBR IN (5, 12);
UPDATE PUSER_PROFILE SET PROFILE_VALUE = 150.7952 WHERE SERV_PROV_CODE = 'CCSF' AND USER_NAME='ROCUBILL' AND PROFILE_SEQ_NBR IN (5, 12);
UPDATE PUSER_PROFILE SET PROFILE_VALUE = 150.7952 WHERE SERV_PROV_CODE = 'CCSF' AND USER_NAME='JSHAW' AND PROFILE_SEQ_NBR IN (5, 12);
UPDATE PUSER_PROFILE SET PROFILE_VALUE = 150.7952 WHERE SERV_PROV_CODE = 'CCSF' AND USER_NAME='ABUTKUS' AND PROFILE_SEQ_NBR IN (5, 12);
UPDATE PUSER_PROFILE SET PROFILE_VALUE = 150.7952 WHERE SERV_PROV_CODE = 'CCSF' AND USER_NAME='NFOSTER' AND PROFILE_SEQ_NBR IN (5, 12);
UPDATE PUSER_PROFILE SET PROFILE_VALUE = 150.7952 WHERE SERV_PROV_CODE = 'CCSF' AND USER_NAME='CGROB' AND PROFILE_SEQ_NBR IN (5, 12);
UPDATE PUSER_PROFILE SET PROFILE_VALUE = 150.7952 WHERE SERV_PROV_CODE = 'CCSF' AND USER_NAME='JGREVING' AND PROFILE_SEQ_NBR IN (5, 12);
UPDATE PUSER_PROFILE SET PROFILE_VALUE = 150.7952 WHERE SERV_PROV_CODE = 'CCSF' AND USER_NAME='SFERGUSO' AND PROFILE_SEQ_NBR IN (5, 12);
UPDATE PUSER_PROFILE SET PROFILE_VALUE = 150.7952 WHERE SERV_PROV_CODE = 'CCSF' AND USER_NAME='JHORN' AND PROFILE_SEQ_NBR IN (5, 12);
UPDATE PUSER_PROFILE SET PROFILE_VALUE = 150.7952 WHERE SERV_PROV_CODE = 'CCSF' AND USER_NAME='SJIMENEZ' AND PROFILE_SEQ_NBR IN (5, 12);
UPDATE PUSER_PROFILE SET PROFILE_VALUE = 150.7952 WHERE SERV_PROV_CODE = 'CCSF' AND USER_NAME='LFISHER' AND PROFILE_SEQ_NBR IN (5, 12);
UPDATE PUSER_PROFILE SET PROFILE_VALUE = 150.7952 WHERE SERV_PROV_CODE = 'CCSF' AND USER_NAME='CMAY' AND PROFILE_SEQ_NBR IN (5, 12);
UPDATE PUSER_PROFILE SET PROFILE_VALUE = 150.7952 WHERE SERV_PROV_CODE = 'CCSF' AND USER_NAME='CALEXAND' AND PROFILE_SEQ_NBR IN (5, 12);
UPDATE PUSER_PROFILE SET PROFILE_VALUE = 150.7952 WHERE SERV_PROV_CODE = 'CCSF' AND USER_NAME='ESAMONSK' AND PROFILE_SEQ_NBR IN (5, 12);
UPDATE PUSER_PROFILE SET PROFILE_VALUE = 150.7952 WHERE SERV_PROV_CODE = 'CCSF' AND USER_NAME='ACALLAGY' AND PROFILE_SEQ_NBR IN (5, 12);
UPDATE PUSER_PROFILE SET PROFILE_VALUE = 150.7952 WHERE SERV_PROV_CODE = 'CCSF' AND USER_NAME='LIAJELLO' AND PROFILE_SEQ_NBR IN (5, 12);
UPDATE PUSER_PROFILE SET PROFILE_VALUE = 150.7952 WHERE SERV_PROV_CODE = 'CCSF' AND USER_NAME='TTRAN' AND PROFILE_SEQ_NBR IN (5, 12);
UPDATE PUSER_PROFILE SET PROFILE_VALUE = 150.7952 WHERE SERV_PROV_CODE = 'CCSF' AND USER_NAME='JPOLLAK' AND PROFILE_SEQ_NBR IN (5, 12);
UPDATE PUSER_PROFILE SET PROFILE_VALUE = 150.7952 WHERE SERV_PROV_CODE = 'CCSF' AND USER_NAME='AALBERIC' AND PROFILE_SEQ_NBR IN (5, 12);
UPDATE PUSER_PROFILE SET PROFILE_VALUE = 150.7952 WHERE SERV_PROV_CODE = 'CCSF' AND USER_NAME='LBARATA' AND PROFILE_SEQ_NBR IN (5, 12);
UPDATE PUSER_PROFILE SET PROFILE_VALUE = 150.7952 WHERE SERV_PROV_CODE = 'CCSF' AND USER_NAME='TGREENAN' AND PROFILE_SEQ_NBR IN (5, 12);
UPDATE PUSER_PROFILE SET PROFILE_VALUE = 150.7952 WHERE SERV_PROV_CODE = 'CCSF' AND USER_NAME='SUPDEGRA' AND PROFILE_SEQ_NBR IN (5, 12);
UPDATE PUSER_PROFILE SET PROFILE_VALUE = 144.886 WHERE SERV_PROV_CODE = 'CCSF' AND USER_NAME='YKO' AND PROFILE_SEQ_NBR IN (5, 12);
UPDATE PUSER_PROFILE SET PROFILE_VALUE = 144.886 WHERE SERV_PROV_CODE = 'CCSF' AND USER_NAME='JLAM' AND PROFILE_SEQ_NBR IN (5, 12);
UPDATE PUSER_PROFILE SET PROFILE_VALUE = 144.886 WHERE SERV_PROV_CODE = 'CCSF' AND USER_NAME='OMASRY' AND PROFILE_SEQ_NBR IN (5, 12);
UPDATE PUSER_PROFILE SET PROFILE_VALUE = 144.886 WHERE SERV_PROV_CODE = 'CCSF' AND USER_NAME='JGLIK' AND PROFILE_SEQ_NBR IN (5, 12);
UPDATE PUSER_PROFILE SET PROFILE_VALUE = 143.5904 WHERE SERV_PROV_CODE = 'CCSF' AND USER_NAME='KZUSHI' AND PROFILE_SEQ_NBR IN (5, 12);
UPDATE PUSER_PROFILE SET PROFILE_VALUE = 143.5904 WHERE SERV_PROV_CODE = 'CCSF' AND USER_NAME='JSPEIRS' AND PROFILE_SEQ_NBR IN (5, 12);
UPDATE PUSER_PROFILE SET PROFILE_VALUE = 143.5904 WHERE SERV_PROV_CODE = 'CCSF' AND USER_NAME='NKWIATKO' AND PROFILE_SEQ_NBR IN (5, 12);
UPDATE PUSER_PROFILE SET PROFILE_VALUE = 143.5904 WHERE SERV_PROV_CODE = 'CCSF' AND USER_NAME='JDELUMO' AND PROFILE_SEQ_NBR IN (5, 12);
UPDATE PUSER_PROFILE SET PROFILE_VALUE = 143.5904 WHERE SERV_PROV_CODE = 'CCSF' AND USER_NAME='JPAPPAS' AND PROFILE_SEQ_NBR IN (5, 12);
UPDATE PUSER_PROFILE SET PROFILE_VALUE = 143.5904 WHERE SERV_PROV_CODE = 'CCSF' AND USER_NAME='MCHRISTE' AND PROFILE_SEQ_NBR IN (5, 12);
UPDATE PUSER_PROFILE SET PROFILE_VALUE = 143.5904 WHERE SERV_PROV_CODE = 'CCSF' AND USER_NAME='FMCMILLE' AND PROFILE_SEQ_NBR IN (5, 12);
UPDATE PUSER_PROFILE SET PROFILE_VALUE = 143.5904 WHERE SERV_PROV_CODE = 'CCSF' AND USER_NAME='JVIMR' AND PROFILE_SEQ_NBR IN (5, 12);
UPDATE PUSER_PROFILE SET PROFILE_VALUE = 143.5904 WHERE SERV_PROV_CODE = 'CCSF' AND USER_NAME='JCLEEMAN' AND PROFILE_SEQ_NBR IN (5, 12);
UPDATE PUSER_PROFILE SET PROFILE_VALUE = 143.5904 WHERE SERV_PROV_CODE = 'CCSF' AND USER_NAME='EWHITE' AND PROFILE_SEQ_NBR IN (5, 12);
UPDATE PUSER_PROFILE SET PROFILE_VALUE = 143.5904 WHERE SERV_PROV_CODE = 'CCSF' AND USER_NAME='MLANGLIE' AND PROFILE_SEQ_NBR IN (5, 12);
UPDATE PUSER_PROFILE SET PROFILE_VALUE = 143.5904 WHERE SERV_PROV_CODE = 'CCSF' AND USER_NAME='RSALGADO' AND PROFILE_SEQ_NBR IN (5, 12);
UPDATE PUSER_PROFILE SET PROFILE_VALUE = 143.5904 WHERE SERV_PROV_CODE = 'CCSF' AND USER_NAME='DYOUNG' AND PROFILE_SEQ_NBR IN (5, 12);
UPDATE PUSER_PROFILE SET PROFILE_VALUE = 143.5904 WHERE SERV_PROV_CODE = 'CCSF' AND USER_NAME='FCRACIUN' AND PROFILE_SEQ_NBR IN (5, 12);
UPDATE PUSER_PROFILE SET PROFILE_VALUE = 139.4508 WHERE SERV_PROV_CODE = 'CCSF' AND USER_NAME='KCARASI' AND PROFILE_SEQ_NBR IN (5, 12);
UPDATE PUSER_PROFILE SET PROFILE_VALUE = 137.9972 WHERE SERV_PROV_CODE = 'CCSF' AND USER_NAME='JBOLDRIC' AND PROFILE_SEQ_NBR IN (5, 12);
UPDATE PUSER_PROFILE SET PROFILE_VALUE = 137.7128 WHERE SERV_PROV_CODE = 'CCSF' AND USER_NAME='GCHEN' AND PROFILE_SEQ_NBR IN (5, 12);
UPDATE PUSER_PROFILE SET PROFILE_VALUE = 137.7128 WHERE SERV_PROV_CODE = 'CCSF' AND USER_NAME='MWEBSTER' AND PROFILE_SEQ_NBR IN (5, 12);
UPDATE PUSER_PROFILE SET PROFILE_VALUE = 137.7128 WHERE SERV_PROV_CODE = 'CCSF' AND USER_NAME='MTHIBODE' AND PROFILE_SEQ_NBR IN (5, 12);
UPDATE PUSER_PROFILE SET PROFILE_VALUE = 136.7648 WHERE SERV_PROV_CODE = 'CCSF' AND USER_NAME='EJARDINE' AND PROFILE_SEQ_NBR IN (5, 12);
UPDATE PUSER_PROFILE SET PROFILE_VALUE = 136.7648 WHERE SERV_PROV_CODE = 'CCSF' AND USER_NAME='VFLORES' AND PROFILE_SEQ_NBR IN (5, 12);
UPDATE PUSER_PROFILE SET PROFILE_VALUE = 136.7648 WHERE SERV_PROV_CODE = 'CCSF' AND USER_NAME='MDITO' AND PROFILE_SEQ_NBR IN (5, 12);
UPDATE PUSER_PROFILE SET PROFILE_VALUE = 136.7648 WHERE SERV_PROV_CODE = 'CCSF' AND USER_NAME='CBERGER' AND PROFILE_SEQ_NBR IN (5, 12);
UPDATE PUSER_PROFILE SET PROFILE_VALUE = 136.7648 WHERE SERV_PROV_CODE = 'CCSF' AND USER_NAME='CCLARKE' AND PROFILE_SEQ_NBR IN (5, 12);
UPDATE PUSER_PROFILE SET PROFILE_VALUE = 136.354 WHERE SERV_PROV_CODE = 'CCSF' AND USER_NAME='ATORREY' AND PROFILE_SEQ_NBR IN (5, 12);
UPDATE PUSER_PROFILE SET PROFILE_VALUE = 131.4244 WHERE SERV_PROV_CODE = 'CCSF' AND USER_NAME='PBYRNE' AND PROFILE_SEQ_NBR IN (5, 12);
UPDATE PUSER_PROFILE SET PROFILE_VALUE = 130.2236 WHERE SERV_PROV_CODE = 'CCSF' AND USER_NAME='APERRY' AND PROFILE_SEQ_NBR IN (5, 12);
UPDATE PUSER_PROFILE SET PROFILE_VALUE = 130.2236 WHERE SERV_PROV_CODE = 'CCSF' AND USER_NAME='SGEORGE' AND PROFILE_SEQ_NBR IN (5, 12);
UPDATE PUSER_PROFILE SET PROFILE_VALUE = 130.2236 WHERE SERV_PROV_CODE = 'CCSF' AND USER_NAME='SCISNERO' AND PROFILE_SEQ_NBR IN (5, 12);
UPDATE PUSER_PROFILE SET PROFILE_VALUE = 130.2236 WHERE SERV_PROV_CODE = 'CCSF' AND USER_NAME='JBARBOUR' AND PROFILE_SEQ_NBR IN (5, 12);
UPDATE PUSER_PROFILE SET PROFILE_VALUE = 130.2236 WHERE SERV_PROV_CODE = 'CCSF' AND USER_NAME='KLENTZ' AND PROFILE_SEQ_NBR IN (5, 12);
UPDATE PUSER_PROFILE SET PROFILE_VALUE = 130.2236 WHERE SERV_PROV_CODE = 'CCSF' AND USER_NAME='MITAYLOR' AND PROFILE_SEQ_NBR IN (5, 12);
UPDATE PUSER_PROFILE SET PROFILE_VALUE = 130.2236 WHERE SERV_PROV_CODE = 'CCSF' AND USER_NAME='AWESTHOF' AND PROFILE_SEQ_NBR IN (5, 12);
UPDATE PUSER_PROFILE SET PROFILE_VALUE = 129.9076 WHERE SERV_PROV_CODE = 'CCSF' AND USER_NAME='AYEN' AND PROFILE_SEQ_NBR IN (5, 12);
UPDATE PUSER_PROFILE SET PROFILE_VALUE = 127.0636 WHERE SERV_PROV_CODE = 'CCSF' AND USER_NAME='SYOUNG' AND PROFILE_SEQ_NBR IN (5, 12);
UPDATE PUSER_PROFILE SET PROFILE_VALUE = 127.0636 WHERE SERV_PROV_CODE = 'CCSF' AND USER_NAME='BCALDWEL' AND PROFILE_SEQ_NBR IN (5, 12);
UPDATE PUSER_PROFILE SET PROFILE_VALUE = 127.0636 WHERE SERV_PROV_CODE = 'CCSF' AND USER_NAME='ATAN' AND PROFILE_SEQ_NBR IN (5, 12);
UPDATE PUSER_PROFILE SET PROFILE_VALUE = 127.0636 WHERE SERV_PROV_CODE = 'CCSF' AND USER_NAME='LAJELLO' AND PROFILE_SEQ_NBR IN (5, 12);
UPDATE PUSER_PROFILE SET PROFILE_VALUE = 127.0636 WHERE SERV_PROV_CODE = 'CCSF' AND USER_NAME='CSOOHOO' AND PROFILE_SEQ_NBR IN (5, 12);
UPDATE PUSER_PROFILE SET PROFILE_VALUE = 127.0636 WHERE SERV_PROV_CODE = 'CCSF' AND USER_NAME='XLIANG' AND PROFILE_SEQ_NBR IN (5, 12);
UPDATE PUSER_PROFILE SET PROFILE_VALUE = 127.0636 WHERE SERV_PROV_CODE = 'CCSF' AND USER_NAME='SHONG' AND PROFILE_SEQ_NBR IN (5, 12);
UPDATE PUSER_PROFILE SET PROFILE_VALUE = 127.0636 WHERE SERV_PROV_CODE = 'CCSF' AND USER_NAME='CECHAN' AND PROFILE_SEQ_NBR IN (5, 12);
UPDATE PUSER_PROFILE SET PROFILE_VALUE = 127.0636 WHERE SERV_PROV_CODE = 'CCSF' AND USER_NAME='CENCHILL' AND PROFILE_SEQ_NBR IN (5, 12);
UPDATE PUSER_PROFILE SET PROFILE_VALUE = 127.0636 WHERE SERV_PROV_CODE = 'CCSF' AND USER_NAME='OHERNAND' AND PROFILE_SEQ_NBR IN (5, 12);
UPDATE PUSER_PROFILE SET PROFILE_VALUE = 127.0636 WHERE SERV_PROV_CODE = 'CCSF' AND USER_NAME='MASMITH' AND PROFILE_SEQ_NBR IN (5, 12);
UPDATE PUSER_PROFILE SET PROFILE_VALUE = 127.0636 WHERE SERV_PROV_CODE = 'CCSF' AND USER_NAME='CFEENEY' AND PROFILE_SEQ_NBR IN (5, 12);
UPDATE PUSER_PROFILE SET PROFILE_VALUE = 124.0616 WHERE SERV_PROV_CODE = 'CCSF' AND USER_NAME='MCALPIN' AND PROFILE_SEQ_NBR IN (5, 12);
UPDATE PUSER_PROFILE SET PROFILE_VALUE = 124.0616 WHERE SERV_PROV_CODE = 'CCSF' AND USER_NAME='SAMBATI' AND PROFILE_SEQ_NBR IN (5, 12);
UPDATE PUSER_PROFILE SET PROFILE_VALUE = 124.0616 WHERE SERV_PROV_CODE = 'CCSF' AND USER_NAME='RSHUM' AND PROFILE_SEQ_NBR IN (5, 12);
UPDATE PUSER_PROFILE SET PROFILE_VALUE = 124.0616 WHERE SERV_PROV_CODE = 'CCSF' AND USER_NAME='BHICKS' AND PROFILE_SEQ_NBR IN (5, 12);
UPDATE PUSER_PROFILE SET PROFILE_VALUE = 120.9964 WHERE SERV_PROV_CODE = 'CCSF' AND USER_NAME='WQI' AND PROFILE_SEQ_NBR IN (5, 12);
UPDATE PUSER_PROFILE SET PROFILE_VALUE = 120.9964 WHERE SERV_PROV_CODE = 'CCSF' AND USER_NAME='MDEALVA' AND PROFILE_SEQ_NBR IN (5, 12);
UPDATE PUSER_PROFILE SET PROFILE_VALUE = 120.9964 WHERE SERV_PROV_CODE = 'CCSF' AND USER_NAME='AWOODS' AND PROFILE_SEQ_NBR IN (5, 12);
UPDATE PUSER_PROFILE SET PROFILE_VALUE = 119.2268 WHERE SERV_PROV_CODE = 'CCSF' AND USER_NAME='YCHEN' AND PROFILE_SEQ_NBR IN (5, 12);
UPDATE PUSER_PROFILE SET PROFILE_VALUE = 117.7732 WHERE SERV_PROV_CODE = 'CCSF' AND USER_NAME='CDEMESA' AND PROFILE_SEQ_NBR IN (5, 12);
UPDATE PUSER_PROFILE SET PROFILE_VALUE = 115.814 WHERE SERV_PROV_CODE = 'CCSF' AND USER_NAME='EATIJERA' AND PROFILE_SEQ_NBR IN (5, 12);
UPDATE PUSER_PROFILE SET PROFILE_VALUE = 115.2136 WHERE SERV_PROV_CODE = 'CCSF' AND USER_NAME='DLIVIA' AND PROFILE_SEQ_NBR IN (5, 12);
UPDATE PUSER_PROFILE SET PROFILE_VALUE = 115.2136 WHERE SERV_PROV_CODE = 'CCSF' AND USER_NAME='MGIACOMU' AND PROFILE_SEQ_NBR IN (5, 12);
UPDATE PUSER_PROFILE SET PROFILE_VALUE = 115.2136 WHERE SERV_PROV_CODE = 'CCSF' AND USER_NAME='CCAMPBEL' AND PROFILE_SEQ_NBR IN (5, 12);
UPDATE PUSER_PROFILE SET PROFILE_VALUE = 115.2136 WHERE SERV_PROV_CODE = 'CCSF' AND USER_NAME='DWEISSGL' AND PROFILE_SEQ_NBR IN (5, 12);
UPDATE PUSER_PROFILE SET PROFILE_VALUE = 115.2136 WHERE SERV_PROV_CODE = 'CCSF' AND USER_NAME='GPANTOJA' AND PROFILE_SEQ_NBR IN (5, 12);
UPDATE PUSER_PROFILE SET PROFILE_VALUE = 115.2136 WHERE SERV_PROV_CODE = 'CCSF' AND USER_NAME='MCHANDLE' AND PROFILE_SEQ_NBR IN (5, 12);
UPDATE PUSER_PROFILE SET PROFILE_VALUE = 115.2136 WHERE SERV_PROV_CODE = 'CCSF' AND USER_NAME='JFLYNN' AND PROFILE_SEQ_NBR IN (5, 12);
UPDATE PUSER_PROFILE SET PROFILE_VALUE = 115.2136 WHERE SERV_PROV_CODE = 'CCSF' AND USER_NAME='RTONG' AND PROFILE_SEQ_NBR IN (5, 12);
UPDATE PUSER_PROFILE SET PROFILE_VALUE = 115.2136 WHERE SERV_PROV_CODE = 'CCSF' AND USER_NAME='KPHUNG' AND PROFILE_SEQ_NBR IN (5, 12);
UPDATE PUSER_PROFILE SET PROFILE_VALUE = 115.2136 WHERE SERV_PROV_CODE = 'CCSF' AND USER_NAME='CFAHEY' AND PROFILE_SEQ_NBR IN (5, 12);
UPDATE PUSER_PROFILE SET PROFILE_VALUE = 115.2136 WHERE SERV_PROV_CODE = 'CCSF' AND USER_NAME='MFARRERA' AND PROFILE_SEQ_NBR IN (5, 12);
UPDATE PUSER_PROFILE SET PROFILE_VALUE = 115.2136 WHERE SERV_PROV_CODE = 'CCSF' AND USER_NAME='DHAMILTO' AND PROFILE_SEQ_NBR IN (5, 12);
UPDATE PUSER_PROFILE SET PROFILE_VALUE = 115.2136 WHERE SERV_PROV_CODE = 'CCSF' AND USER_NAME='DNGO' AND PROFILE_SEQ_NBR IN (5, 12);
UPDATE PUSER_PROFILE SET PROFILE_VALUE = 115.2136 WHERE SERV_PROV_CODE = 'CCSF' AND USER_NAME='JKRAN' AND PROFILE_SEQ_NBR IN (5, 12);
UPDATE PUSER_PROFILE SET PROFILE_VALUE = 114.4236 WHERE SERV_PROV_CODE = 'CCSF' AND USER_NAME='JCHEN' AND PROFILE_SEQ_NBR IN (5, 12);
UPDATE PUSER_PROFILE SET PROFILE_VALUE = 114.1392 WHERE SERV_PROV_CODE = 'CCSF' AND USER_NAME='DSANDERS' AND PROFILE_SEQ_NBR IN (5, 12);
UPDATE PUSER_PROFILE SET PROFILE_VALUE = 109.7152 WHERE SERV_PROV_CODE = 'CCSF' AND USER_NAME='KWILBORN' AND PROFILE_SEQ_NBR IN (5, 12);
UPDATE PUSER_PROFILE SET PROFILE_VALUE = 109.7152 WHERE SERV_PROV_CODE = 'CCSF' AND USER_NAME='LBIHL' AND PROFILE_SEQ_NBR IN (5, 12);
UPDATE PUSER_PROFILE SET PROFILE_VALUE = 107.8824 WHERE SERV_PROV_CODE = 'CCSF' AND USER_NAME='KZHU' AND PROFILE_SEQ_NBR IN (5, 12);
UPDATE PUSER_PROFILE SET PROFILE_VALUE = 104.5328 WHERE SERV_PROV_CODE = 'CCSF' AND USER_NAME='BLAMB' AND PROFILE_SEQ_NBR IN (5, 12);
UPDATE PUSER_PROFILE SET PROFILE_VALUE = 104.5328 WHERE SERV_PROV_CODE = 'CCSF' AND USER_NAME='WHUGHEN' AND PROFILE_SEQ_NBR IN (5, 12);
UPDATE PUSER_PROFILE SET PROFILE_VALUE = 104.5328 WHERE SERV_PROV_CODE = 'CCSF' AND USER_NAME='LVALENCI' AND PROFILE_SEQ_NBR IN (5, 12);
UPDATE PUSER_PROFILE SET PROFILE_VALUE = 102.7316 WHERE SERV_PROV_CODE = 'CCSF' AND USER_NAME='BJIANG' AND PROFILE_SEQ_NBR IN (5, 12);
UPDATE PUSER_PROFILE SET PROFILE_VALUE = 95.4636 WHERE SERV_PROV_CODE = 'CCSF' AND USER_NAME='ERUSSELL' AND PROFILE_SEQ_NBR IN (5, 12);
UPDATE PUSER_PROFILE SET PROFILE_VALUE = 95.4636 WHERE SERV_PROV_CODE = 'CCSF' AND USER_NAME='CSON' AND PROFILE_SEQ_NBR IN (5, 12);
UPDATE PUSER_PROFILE SET PROFILE_VALUE = 94.8632 WHERE SERV_PROV_CODE = 'CCSF' AND USER_NAME='JSACCHI' AND PROFILE_SEQ_NBR IN (5, 12);
UPDATE PUSER_PROFILE SET PROFILE_VALUE = 94.8632 WHERE SERV_PROV_CODE = 'CCSF' AND USER_NAME='KYONG' AND PROFILE_SEQ_NBR IN (5, 12);
UPDATE PUSER_PROFILE SET PROFILE_VALUE = 90.9132 WHERE SERV_PROV_CODE = 'CCSF' AND USER_NAME='VBYRD' AND PROFILE_SEQ_NBR IN (5, 12);
UPDATE PUSER_PROFILE SET PROFILE_VALUE = 90.9132 WHERE SERV_PROV_CODE = 'CCSF' AND USER_NAME='MGMARTIN' AND PROFILE_SEQ_NBR IN (5, 12);
UPDATE PUSER_PROFILE SET PROFILE_VALUE = 90.9132 WHERE SERV_PROV_CODE = 'CCSF' AND USER_NAME='VVALLEJO' AND PROFILE_SEQ_NBR IN (5, 12);
UPDATE PUSER_PROFILE SET PROFILE_VALUE = 90.2812 WHERE SERV_PROV_CODE = 'CCSF' AND USER_NAME='EMUNYAN' AND PROFILE_SEQ_NBR IN (5, 12);
UPDATE PUSER_PROFILE SET PROFILE_VALUE = 90.2812 WHERE SERV_PROV_CODE = 'CCSF' AND USER_NAME='MBISHOP' AND PROFILE_SEQ_NBR IN (5, 12);
UPDATE PUSER_PROFILE SET PROFILE_VALUE = 90.2812 WHERE SERV_PROV_CODE = 'CCSF' AND USER_NAME='VWPAGEII' AND PROFILE_SEQ_NBR IN (5, 12);
UPDATE PUSER_PROFILE SET PROFILE_VALUE = 87.2476 WHERE SERV_PROV_CODE = 'CCSF' AND USER_NAME='BWONG' AND PROFILE_SEQ_NBR IN (5, 12);
UPDATE PUSER_PROFILE SET PROFILE_VALUE = 86.584 WHERE SERV_PROV_CODE = 'CCSF' AND USER_NAME='LCOOK' AND PROFILE_SEQ_NBR IN (5, 12);
UPDATE PUSER_PROFILE SET PROFILE_VALUE = 85.9836 WHERE SERV_PROV_CODE = 'CCSF' AND USER_NAME='GGUNTHER' AND PROFILE_SEQ_NBR IN (5, 12);
UPDATE PUSER_PROFILE SET PROFILE_VALUE = 85.9836 WHERE SERV_PROV_CODE = 'CCSF' AND USER_NAME='RBALBA' AND PROFILE_SEQ_NBR IN (5, 12);
UPDATE PUSER_PROFILE SET PROFILE_VALUE = 85.9836 WHERE SERV_PROV_CODE = 'CCSF' AND USER_NAME='EWU' AND PROFILE_SEQ_NBR IN (5, 12);
UPDATE PUSER_PROFILE SET PROFILE_VALUE = 82.476 WHERE SERV_PROV_CODE = 'CCSF' AND USER_NAME='JLIU' AND PROFILE_SEQ_NBR IN (5, 12);
UPDATE PUSER_PROFILE SET PROFILE_VALUE = 82.476 WHERE SERV_PROV_CODE = 'CCSF' AND USER_NAME='RBORDON' AND PROFILE_SEQ_NBR IN (5, 12);
UPDATE PUSER_PROFILE SET PROFILE_VALUE = 80.7064 WHERE SERV_PROV_CODE = 'CCSF' AND USER_NAME='VLEWIS' AND PROFILE_SEQ_NBR IN (5, 12);
UPDATE PUSER_PROFILE SET PROFILE_VALUE = 79.79 WHERE SERV_PROV_CODE = 'CCSF' AND USER_NAME='MHUGGINS' AND PROFILE_SEQ_NBR IN (5, 12);
UPDATE PUSER_PROFILE SET PROFILE_VALUE = 79.79 WHERE SERV_PROV_CODE = 'CCSF' AND USER_NAME='TYEUNG' AND PROFILE_SEQ_NBR IN (5, 12);
UPDATE PUSER_PROFILE SET PROFILE_VALUE = 79.79 WHERE SERV_PROV_CODE = 'CCSF' AND USER_NAME='MWONG' AND PROFILE_SEQ_NBR IN (5, 12);
UPDATE PUSER_PROFILE SET PROFILE_VALUE = 79.79 WHERE SERV_PROV_CODE = 'CCSF' AND USER_NAME='KSAN' AND PROFILE_SEQ_NBR IN (5, 12);
UPDATE PUSER_PROFILE SET PROFILE_VALUE = 75.9348 WHERE SERV_PROV_CODE = 'CCSF' AND USER_NAME='MGREEN' AND PROFILE_SEQ_NBR IN (5, 12);
UPDATE PUSER_PROFILE SET PROFILE_VALUE = 75.9348 WHERE SERV_PROV_CODE = 'CCSF' AND USER_NAME='JFELICIA' AND PROFILE_SEQ_NBR IN (5, 12);
UPDATE PUSER_PROFILE SET PROFILE_VALUE = 72.3324 WHERE SERV_PROV_CODE = 'CCSF' AND USER_NAME='TCHEN' AND PROFILE_SEQ_NBR IN (5, 12);
UPDATE PUSER_PROFILE SET PROFILE_VALUE = 59.9639625 WHERE SERV_PROV_CODE = 'CCSF' AND USER_NAME='SPENG' AND PROFILE_SEQ_NBR IN (5, 12);
UPDATE PUSER_PROFILE SET PROFILE_VALUE = 59.9639625 WHERE SERV_PROV_CODE = 'CCSF' AND USER_NAME='AATANACI' AND PROFILE_SEQ_NBR IN (5, 12);
UPDATE PUSER_PROFILE SET PROFILE_VALUE = 59.9639625 WHERE SERV_PROV_CODE = 'CCSF' AND USER_NAME='BROBERTS' AND PROFILE_SEQ_NBR IN (5, 12);
UPDATE PUSER_PROFILE SET PROFILE_VALUE = 59.95863 WHERE SERV_PROV_CODE = 'CCSF' AND USER_NAME='ZMCRAE' AND PROFILE_SEQ_NBR IN (5, 12);
UPDATE PUSER_PROFILE SET PROFILE_VALUE = 59.95863 WHERE SERV_PROV_CODE = 'CCSF' AND USER_NAME='EMOORE' AND PROFILE_SEQ_NBR IN (5, 12);
UPDATE PUSER_PROFILE SET PROFILE_VALUE = 59.95863 WHERE SERV_PROV_CODE = 'CCSF' AND USER_NAME='IJACOBSO' AND PROFILE_SEQ_NBR IN (5, 12);
UPDATE PUSER_PROFILE SET PROFILE_VALUE = 59.95863 WHERE SERV_PROV_CODE = 'CCSF' AND USER_NAME='RHELLE' AND PROFILE_SEQ_NBR IN (5, 12);
UPDATE PUSER_PROFILE SET PROFILE_VALUE = 59.95863 WHERE SERV_PROV_CODE = 'CCSF' AND USER_NAME='WBERGER' AND PROFILE_SEQ_NBR IN (5, 12);
UPDATE PUSER_PROFILE SET PROFILE_VALUE = 59.95863 WHERE SERV_PROV_CODE = 'CCSF' AND USER_NAME='BBYRD' AND PROFILE_SEQ_NBR IN (5, 12);
UPDATE PUSER_PROFILE SET PROFILE_VALUE = 59.95863 WHERE SERV_PROV_CODE = 'CCSF' AND USER_NAME='RCHAN' AND PROFILE_SEQ_NBR IN (5, 12);
UPDATE PUSER_PROFILE SET PROFILE_VALUE = 59.95863 WHERE SERV_PROV_CODE = 'CCSF' AND USER_NAME='JROLDAN' AND PROFILE_SEQ_NBR IN (5, 12);
UPDATE PUSER_PROFILE SET PROFILE_VALUE = 59.95863 WHERE SERV_PROV_CODE = 'CCSF' AND USER_NAME='AKLAFTER' AND PROFILE_SEQ_NBR IN (5, 12);
UPDATE PUSER_PROFILE SET PROFILE_VALUE = 59.95863 WHERE SERV_PROV_CODE = 'CCSF' AND USER_NAME='RSCHTEN' AND PROFILE_SEQ_NBR IN (5, 12);
UPDATE PUSER_PROFILE SET PROFILE_VALUE = 59.95863 WHERE SERV_PROV_CODE = 'CCSF' AND USER_NAME='DEGREEN' AND PROFILE_SEQ_NBR IN (5, 12);
UPDATE PUSER_PROFILE SET PROFILE_VALUE = 59.95863 WHERE SERV_PROV_CODE = 'CCSF' AND USER_NAME='NFELICET' AND PROFILE_SEQ_NBR IN (5, 12);
UPDATE PUSER_PROFILE SET PROFILE_VALUE = 59.95863 WHERE SERV_PROV_CODE = 'CCSF' AND USER_NAME='AFABER' AND PROFILE_SEQ_NBR IN (5, 12);
UPDATE PUSER_PROFILE SET PROFILE_VALUE = 68.888 WHERE SERV_PROV_CODE = 'CCSF' AND USER_NAME='SPARINAS' AND PROFILE_SEQ_NBR IN (5, 12);
UPDATE PUSER_PROFILE SET PROFILE_VALUE = 63.2632 WHERE SERV_PROV_CODE = 'CCSF' AND USER_NAME='JLUNG' AND PROFILE_SEQ_NBR IN (5, 12);
